ts,proc,pid,cpu,mem_rss
1764253319,melian,29528,RSS,
1764253319,redis,69765,RSS,
1764253320,melian,29528,RSS,
1764253320,redis,69765,RSS,
1764253321,melian,29528,RSS,
1764253321,redis,69765,RSS,
1764253322,melian,29528,RSS,
1764253322,redis,69765,RSS,
1764253323,melian,29528,RSS,
1764253323,redis,69765,RSS,
1764253324,melian,29528,RSS,
1764253324,redis,69765,RSS,
1764253325,melian,29528,RSS,
1764253325,redis,69765,RSS,
1764253326,melian,29528,RSS,
1764253326,redis,69765,RSS,
1764253327,melian,29528,RSS,
1764253327,redis,69765,RSS,
1764253328,melian,29528,RSS,
1764253328,redis,69765,RSS,
1764253329,melian,29528,RSS,
1764253329,redis,69765,RSS,
1764253330,melian,29528,RSS,
1764253330,redis,69765,RSS,
1764253331,melian,29528,RSS,
1764253331,redis,69765,RSS,
1764253332,melian,29528,RSS,
1764253332,redis,69765,RSS,
